DATAFLOW,LAST UPDATE,freq,unit,geo,TIME_PERIOD,OBS_VALUE,OBS_FLAG
ESTAT:SDG_16_50(1.0),14/02/23 23:00:00,A,NR,AL,2012,33,
ESTAT:SDG_16_50(1.0),14/02/23 23:00:00,A,NR,AL,2013,31,
ESTAT:SDG_16_50(1.0),14/02/23 23:00:00,A,NR,AL,2014,33,
ESTAT:SDG_16_50(1.0),14/02/23 23:00:00,A,NR,AL,2015,36,
ESTAT:SDG_16_50(1.0),14/02/23 23:00:00,A,NR,AL,2016,39,
ESTAT:SDG_16_50(1.0),14/02/23 23:00:00,A,NR,AL,2017,38,
ESTAT:SDG_16_50(1.0),14/02/23 23:00:00,A,NR,AL,2018,36,
ESTAT:SDG_16_50(1.0),14/02/23 23:00:00,A,NR,AL,2019,35,
ESTAT:SDG_16_50(1.0),14/02/23 23:00:00,A,NR,AL,2020,36,
ESTAT:SDG_16_50(1.0),14/02/23 23:00:00,A,NR,AL,2021,35,
ESTAT:SDG_16_50(1.0),14/02/23 23:00:00,A,NR,AL,2022,36,
ESTAT:SDG_16_50(1.0),14/02/23 23:00:00,A,NR,AT,2012,69,
ESTAT:SDG_16_50(1.0),14/02/23 23:00:00,A,NR,AT,2013,69,
ESTAT:SDG_16_50(1.0),14/02/23 23:00:00,A,NR,AT,2014,72,
ESTAT:SDG_16_50(1.0),14/02/23 23:00:00,A,NR,AT,2015,76,
ESTAT:SDG_16_50(1.0),14/02/23 23:00:00,A,NR,AT,2016,75,
ESTAT:SDG_16_50(1.0),14/02/23 23:00:00,A,NR,AT,2017,75,
ESTAT:SDG_16_50(1.0),14/02/23 23:00:00,A,NR,AT,2018,76,
ESTAT:SDG_16_50(1.0),14/02/23 23:00:00,A,NR,AT,2019,77,
ESTAT:SDG_16_50(1.0),14/02/23 23:00:00,A,NR,AT,2020,76,
ESTAT:SDG_16_50(1.0),14/02/23 23:00:00,A,NR,AT,2021,74,
ESTAT:SDG_16_50(1.0),14/02/23 23:00:00,A,NR,AT,2022,71,
ESTAT:SDG_16_50(1.0),14/02/23 23:00:00,A,NR,BE,2012,75,
ESTAT:SDG_16_50(1.0),14/02/23 23:00:00,A,NR,BE,2013,75,
ESTAT:SDG_16_50(1.0),14/02/23 23:00:00,A,NR,BE,2014,76,
ESTAT:SDG_16_50(1.0),14/02/23 23:00:00,A,NR,BE,2015,77,
ESTAT:SDG_16_50(1.0),14/02/23 23:00:00,A,NR,BE,2016,77,
ESTAT:SDG_16_50(1.0),14/02/23 23:00:00,A,NR,BE,2017,75,
ESTAT:SDG_16_50(1.0),14/02/23 23:00:00,A,NR,BE,2018,75,
ESTAT:SDG_16_50(1.0),14/02/23 23:00:00,A,NR,BE,2019,75,
ESTAT:SDG_16_50(1.0),14/02/23 23:00:00,A,NR,BE,2020,76,
ESTAT:SDG_16_50(1.0),14/02/23 23:00:00,A,NR,BE,2021,73,
ESTAT:SDG_16_50(1.0),14/02/23 23:00:00,A,NR,BE,2022,73,
ESTAT:SDG_16_50(1.0),14/02/23 23:00:00,A,NR,BG,2012,41,
ESTAT:SDG_16_50(1.0),14/02/23 23:00:00,A,NR,BG,2013,41,
ESTAT:SDG_16_50(1.0),14/02/23 23:00:00,A,NR,BG,2014,43,
ESTAT:SDG_16_50(1.0),14/02/23 23:00:00,A,NR,BG,2015,41,
ESTAT:SDG_16_50(1.0),14/02/23 23:00:00,A,NR,BG,2016,41,
ESTAT:SDG_16_50(1.0),14/02/23 23:00:00,A,NR,BG,2017,43,
ESTAT:SDG_16_50(1.0),14/02/23 23:00:00,A,NR,BG,2018,42,
ESTAT:SDG_16_50(1.0),14/02/23 23:00:00,A,NR,BG,2019,43,
ESTAT:SDG_16_50(1.0),14/02/23 23:00:00,A,NR,BG,2020,44,
ESTAT:SDG_16_50(1.0),14/02/23 23:00:00,A,NR,BG,2021,42,
ESTAT:SDG_16_50(1.0),14/02/23 23:00:00,A,NR,BG,2022,43,
ESTAT:SDG_16_50(1.0),14/02/23 23:00:00,A,NR,CH,2012,86,
ESTAT:SDG_16_50(1.0),14/02/23 23:00:00,A,NR,CH,2013,85,
ESTAT:SDG_16_50(1.0),14/02/23 23:00:00,A,NR,CH,2014,86,
ESTAT:SDG_16_50(1.0),14/02/23 23:00:00,A,NR,CH,2015,86,
ESTAT:SDG_16_50(1.0),14/02/23 23:00:00,A,NR,CH,2016,86,
ESTAT:SDG_16_50(1.0),14/02/23 23:00:00,A,NR,CH,2017,85,
ESTAT:SDG_16_50(1.0),14/02/23 23:00:00,A,NR,CH,2018,85,
ESTAT:SDG_16_50(1.0),14/02/23 23:00:00,A,NR,CH,2019,85,
ESTAT:SDG_16_50(1.0),14/02/23 23:00:00,A,NR,CH,2020,85,
ESTAT:SDG_16_50(1.0),14/02/23 23:00:00,A,NR,CH,2021,84,
ESTAT:SDG_16_50(1.0),14/02/23 23:00:00,A,NR,CH,2022,82,
ESTAT:SDG_16_50(1.0),14/02/23 23:00:00,A,NR,CY,2012,66,
ESTAT:SDG_16_50(1.0),14/02/23 23:00:00,A,NR,CY,2013,63,
ESTAT:SDG_16_50(1.0),14/02/23 23:00:00,A,NR,CY,2014,63,
ESTAT:SDG_16_50(1.0),14/02/23 23:00:00,A,NR,CY,2015,61,
ESTAT:SDG_16_50(1.0),14/02/23 23:00:00,A,NR,CY,2016,55,
ESTAT:SDG_16_50(1.0),14/02/23 23:00:00,A,NR,CY,2017,57,
ESTAT:SDG_16_50(1.0),14/02/23 23:00:00,A,NR,CY,2018,59,
ESTAT:SDG_16_50(1.0),14/02/23 23:00:00,A,NR,CY,2019,58,
ESTAT:SDG_16_50(1.0),14/02/23 23:00:00,A,NR,CY,2020,57,
ESTAT:SDG_16_50(1.0),14/02/23 23:00:00,A,NR,CY,2021,53,
ESTAT:SDG_16_50(1.0),14/02/23 23:00:00,A,NR,CY,2022,52,
ESTAT:SDG_16_50(1.0),14/02/23 23:00:00,A,NR,CZ,2012,49,
ESTAT:SDG_16_50(1.0),14/02/23 23:00:00,A,NR,CZ,2013,48,
ESTAT:SDG_16_50(1.0),14/02/23 23:00:00,A,NR,CZ,2014,51,
ESTAT:SDG_16_50(1.0),14/02/23 23:00:00,A,NR,CZ,2015,56,
ESTAT:SDG_16_50(1.0),14/02/23 23:00:00,A,NR,CZ,2016,55,
ESTAT:SDG_16_50(1.0),14/02/23 23:00:00,A,NR,CZ,2017,57,
ESTAT:SDG_16_50(1.0),14/02/23 23:00:00,A,NR,CZ,2018,59,
ESTAT:SDG_16_50(1.0),14/02/23 23:00:00,A,NR,CZ,2019,56,
ESTAT:SDG_16_50(1.0),14/02/23 23:00:00,A,NR,CZ,2020,54,
ESTAT:SDG_16_50(1.0),14/02/23 23:00:00,A,NR,CZ,2021,54,
ESTAT:SDG_16_50(1.0),14/02/23 23:00:00,A,NR,CZ,2022,56,
ESTAT:SDG_16_50(1.0),14/02/23 23:00:00,A,NR,DE,2012,79,
ESTAT:SDG_16_50(1.0),14/02/23 23:00:00,A,NR,DE,2013,78,
ESTAT:SDG_16_50(1.0),14/02/23 23:00:00,A,NR,DE,2014,79,
ESTAT:SDG_16_50(1.0),14/02/23 23:00:00,A,NR,DE,2015,81,
ESTAT:SDG_16_50(1.0),14/02/23 23:00:00,A,NR,DE,2016,81,
ESTAT:SDG_16_50(1.0),14/02/23 23:00:00,A,NR,DE,2017,81,
ESTAT:SDG_16_50(1.0),14/02/23 23:00:00,A,NR,DE,2018,80,
ESTAT:SDG_16_50(1.0),14/02/23 23:00:00,A,NR,DE,2019,80,
ESTAT:SDG_16_50(1.0),14/02/23 23:00:00,A,NR,DE,2020,80,
ESTAT:SDG_16_50(1.0),14/02/23 23:00:00,A,NR,DE,2021,80,
ESTAT:SDG_16_50(1.0),14/02/23 23:00:00,A,NR,DE,2022,79,
ESTAT:SDG_16_50(1.0),14/02/23 23:00:00,A,NR,DK,2012,90,
ESTAT:SDG_16_50(1.0),14/02/23 23:00:00,A,NR,DK,2013,91,
ESTAT:SDG_16_50(1.0),14/02/23 23:00:00,A,NR,DK,2014,92,
ESTAT:SDG_16_50(1.0),14/02/23 23:00:00,A,NR,DK,2015,91,
ESTAT:SDG_16_50(1.0),14/02/23 23:00:00,A,NR,DK,2016,90,
ESTAT:SDG_16_50(1.0),14/02/23 23:00:00,A,NR,DK,2017,88,
ESTAT:SDG_16_50(1.0),14/02/23 23:00:00,A,NR,DK,2018,88,
ESTAT:SDG_16_50(1.0),14/02/23 23:00:00,A,NR,DK,2019,87,
ESTAT:SDG_16_50(1.0),14/02/23 23:00:00,A,NR,DK,2020,88,
ESTAT:SDG_16_50(1.0),14/02/23 23:00:00,A,NR,DK,2021,88,
ESTAT:SDG_16_50(1.0),14/02/23 23:00:00,A,NR,DK,2022,90,
ESTAT:SDG_16_50(1.0),14/02/23 23:00:00,A,NR,EE,2012,64,
ESTAT:SDG_16_50(1.0),14/02/23 23:00:00,A,NR,EE,2013,68,
ESTAT:SDG_16_50(1.0),14/02/23 23:00:00,A,NR,EE,2014,69,
ESTAT:SDG_16_50(1.0),14/02/23 23:00:00,A,NR,EE,2015,70,
ESTAT:SDG_16_50(1.0),14/02/23 23:00:00,A,NR,EE,2016,70,
ESTAT:SDG_16_50(1.0),14/02/23 23:00:00,A,NR,EE,2017,71,
ESTAT:SDG_16_50(1.0),14/02/23 23:00:00,A,NR,EE,2018,73,
ESTAT:SDG_16_50(1.0),14/02/23 23:00:00,A,NR,EE,2019,74,
ESTAT:SDG_16_50(1.0),14/02/23 23:00:00,A,NR,EE,2020,75,
ESTAT:SDG_16_50(1.0),14/02/23 23:00:00,A,NR,EE,2021,74,
ESTAT:SDG_16_50(1.0),14/02/23 23:00:00,A,NR,EE,2022,74,
ESTAT:SDG_16_50(1.0),14/02/23 23:00:00,A,NR,EL,2012,36,
ESTAT:SDG_16_50(1.0),14/02/23 23:00:00,A,NR,EL,2013,40,
ESTAT:SDG_16_50(1.0),14/02/23 23:00:00,A,NR,EL,2014,43,
ESTAT:SDG_16_50(1.0),14/02/23 23:00:00,A,NR,EL,2015,46,
ESTAT:SDG_16_50(1.0),14/02/23 23:00:00,A,NR,EL,2016,44,
ESTAT:SDG_16_50(1.0),14/02/23 23:00:00,A,NR,EL,2017,48,
ESTAT:SDG_16_50(1.0),14/02/23 23:00:00,A,NR,EL,2018,45,
ESTAT:SDG_16_50(1.0),14/02/23 23:00:00,A,NR,EL,2019,48,
ESTAT:SDG_16_50(1.0),14/02/23 23:00:00,A,NR,EL,2020,50,
ESTAT:SDG_16_50(1.0),14/02/23 23:00:00,A,NR,EL,2021,49,
ESTAT:SDG_16_50(1.0),14/02/23 23:00:00,A,NR,EL,2022,52,
ESTAT:SDG_16_50(1.0),14/02/23 23:00:00,A,NR,ES,2012,65,
ESTAT:SDG_16_50(1.0),14/02/23 23:00:00,A,NR,ES,2013,59,
ESTAT:SDG_16_50(1.0),14/02/23 23:00:00,A,NR,ES,2014,60,
ESTAT:SDG_16_50(1.0),14/02/23 23:00:00,A,NR,ES,2015,58,
ESTAT:SDG_16_50(1.0),14/02/23 23:00:00,A,NR,ES,2016,58,
ESTAT:SDG_16_50(1.0),14/02/23 23:00:00,A,NR,ES,2017,57,
ESTAT:SDG_16_50(1.0),14/02/23 23:00:00,A,NR,ES,2018,58,
ESTAT:SDG_16_50(1.0),14/02/23 23:00:00,A,NR,ES,2019,62,
ESTAT:SDG_16_50(1.0),14/02/23 23:00:00,A,NR,ES,2020,62,
ESTAT:SDG_16_50(1.0),14/02/23 23:00:00,A,NR,ES,2021,61,
ESTAT:SDG_16_50(1.0),14/02/23 23:00:00,A,NR,ES,2022,60,
ESTAT:SDG_16_50(1.0),14/02/23 23:00:00,A,NR,EU27_2020,2012,63,
ESTAT:SDG_16_50(1.0),14/02/23 23:00:00,A,NR,EU27_2020,2013,63,
ESTAT:SDG_16_50(1.0),14/02/23 23:00:00,A,NR,EU27_2020,2014,64,
ESTAT:SDG_16_50(1.0),14/02/23 23:00:00,A,NR,EU27_2020,2015,65,
ESTAT:SDG_16_50(1.0),14/02/23 23:00:00,A,NR,EU27_2020,2016,64,
ESTAT:SDG_16_50(1.0),14/02/23 23:00:00,A,NR,EU27_2020,2017,64,
ESTAT:SDG_16_50(1.0),14/02/23 23:00:00,A,NR,EU27_2020,2018,64,
ESTAT:SDG_16_50(1.0),14/02/23 23:00:00,A,NR,EU27_2020,2019,64,
ESTAT:SDG_16_50(1.0),14/02/23 23:00:00,A,NR,EU27_2020,2020,64,
ESTAT:SDG_16_50(1.0),14/02/23 23:00:00,A,NR,EU27_2020,2021,64,
ESTAT:SDG_16_50(1.0),14/02/23 23:00:00,A,NR,EU27_2020,2022,64,
ESTAT:SDG_16_50(1.0),14/02/23 23:00:00,A,NR,FI,2012,90,
ESTAT:SDG_16_50(1.0),14/02/23 23:00:00,A,NR,FI,2013,89,
ESTAT:SDG_16_50(1.0),14/02/23 23:00:00,A,NR,FI,2014,89,
ESTAT:SDG_16_50(1.0),14/02/23 23:00:00,A,NR,FI,2015,90,
ESTAT:SDG_16_50(1.0),14/02/23 23:00:00,A,NR,FI,2016,89,
ESTAT:SDG_16_50(1.0),14/02/23 23:00:00,A,NR,FI,2017,85,
ESTAT:SDG_16_50(1.0),14/02/23 23:00:00,A,NR,FI,2018,85,
ESTAT:SDG_16_50(1.0),14/02/23 23:00:00,A,NR,FI,2019,86,
ESTAT:SDG_16_50(1.0),14/02/23 23:00:00,A,NR,FI,2020,85,
ESTAT:SDG_16_50(1.0),14/02/23 23:00:00,A,NR,FI,2021,88,
ESTAT:SDG_16_50(1.0),14/02/23 23:00:00,A,NR,FI,2022,87,
ESTAT:SDG_16_50(1.0),14/02/23 23:00:00,A,NR,FR,2012,71,
ESTAT:SDG_16_50(1.0),14/02/23 23:00:00,A,NR,FR,2013,71,
ESTAT:SDG_16_50(1.0),14/02/23 23:00:00,A,NR,FR,2014,69,
ESTAT:SDG_16_50(1.0),14/02/23 23:00:00,A,NR,FR,2015,70,
ESTAT:SDG_16_50(1.0),14/02/23 23:00:00,A,NR,FR,2016,69,
ESTAT:SDG_16_50(1.0),14/02/23 23:00:00,A,NR,FR,2017,70,
ESTAT:SDG_16_50(1.0),14/02/23 23:00:00,A,NR,FR,2018,72,
ESTAT:SDG_16_50(1.0),14/02/23 23:00:00,A,NR,FR,2019,69,
ESTAT:SDG_16_50(1.0),14/02/23 23:00:00,A,NR,FR,2020,69,
ESTAT:SDG_16_50(1.0),14/02/23 23:00:00,A,NR,FR,2021,71,
ESTAT:SDG_16_50(1.0),14/02/23 23:00:00,A,NR,FR,2022,72,
ESTAT:SDG_16_50(1.0),14/02/23 23:00:00,A,NR,HR,2012,46,
ESTAT:SDG_16_50(1.0),14/02/23 23:00:00,A,NR,HR,2013,48,
ESTAT:SDG_16_50(1.0),14/02/23 23:00:00,A,NR,HR,2014,48,
ESTAT:SDG_16_50(1.0),14/02/23 23:00:00,A,NR,HR,2015,51,
ESTAT:SDG_16_50(1.0),14/02/23 23:00:00,A,NR,HR,2016,49,
ESTAT:SDG_16_50(1.0),14/02/23 23:00:00,A,NR,HR,2017,49,
ESTAT:SDG_16_50(1.0),14/02/23 23:00:00,A,NR,HR,2018,48,
ESTAT:SDG_16_50(1.0),14/02/23 23:00:00,A,NR,HR,2019,47,
ESTAT:SDG_16_50(1.0),14/02/23 23:00:00,A,NR,HR,2020,47,
ESTAT:SDG_16_50(1.0),14/02/23 23:00:00,A,NR,HR,2021,47,
ESTAT:SDG_16_50(1.0),14/02/23 23:00:00,A,NR,HR,2022,50,
ESTAT:SDG_16_50(1.0),14/02/23 23:00:00,A,NR,HU,2012,55,
ESTAT:SDG_16_50(1.0),14/02/23 23:00:00,A,NR,HU,2013,54,
ESTAT:SDG_16_50(1.0),14/02/23 23:00:00,A,NR,HU,2014,54,
ESTAT:SDG_16_50(1.0),14/02/23 23:00:00,A,NR,HU,2015,51,
ESTAT:SDG_16_50(1.0),14/02/23 23:00:00,A,NR,HU,2016,48,
ESTAT:SDG_16_50(1.0),14/02/23 23:00:00,A,NR,HU,2017,45,
ESTAT:SDG_16_50(1.0),14/02/23 23:00:00,A,NR,HU,2018,46,
ESTAT:SDG_16_50(1.0),14/02/23 23:00:00,A,NR,HU,2019,44,
ESTAT:SDG_16_50(1.0),14/02/23 23:00:00,A,NR,HU,2020,44,
ESTAT:SDG_16_50(1.0),14/02/23 23:00:00,A,NR,HU,2021,43,
ESTAT:SDG_16_50(1.0),14/02/23 23:00:00,A,NR,HU,2022,42,
ESTAT:SDG_16_50(1.0),14/02/23 23:00:00,A,NR,IE,2012,69,
ESTAT:SDG_16_50(1.0),14/02/23 23:00:00,A,NR,IE,2013,72,
ESTAT:SDG_16_50(1.0),14/02/23 23:00:00,A,NR,IE,2014,74,
ESTAT:SDG_16_50(1.0),14/02/23 23:00:00,A,NR,IE,2015,75,
ESTAT:SDG_16_50(1.0),14/02/23 23:00:00,A,NR,IE,2016,73,
ESTAT:SDG_16_50(1.0),14/02/23 23:00:00,A,NR,IE,2017,74,
ESTAT:SDG_16_50(1.0),14/02/23 23:00:00,A,NR,IE,2018,73,
ESTAT:SDG_16_50(1.0),14/02/23 23:00:00,A,NR,IE,2019,74,
ESTAT:SDG_16_50(1.0),14/02/23 23:00:00,A,NR,IE,2020,72,
ESTAT:SDG_16_50(1.0),14/02/23 23:00:00,A,NR,IE,2021,74,
ESTAT:SDG_16_50(1.0),14/02/23 23:00:00,A,NR,IE,2022,77,
ESTAT:SDG_16_50(1.0),14/02/23 23:00:00,A,NR,IS,2012,82,
ESTAT:SDG_16_50(1.0),14/02/23 23:00:00,A,NR,IS,2013,78,
ESTAT:SDG_16_50(1.0),14/02/23 23:00:00,A,NR,IS,2014,79,
ESTAT:SDG_16_50(1.0),14/02/23 23:00:00,A,NR,IS,2015,79,
ESTAT:SDG_16_50(1.0),14/02/23 23:00:00,A,NR,IS,2016,78,
ESTAT:SDG_16_50(1.0),14/02/23 23:00:00,A,NR,IS,2017,77,
ESTAT:SDG_16_50(1.0),14/02/23 23:00:00,A,NR,IS,2018,76,
ESTAT:SDG_16_50(1.0),14/02/23 23:00:00,A,NR,IS,2019,78,
ESTAT:SDG_16_50(1.0),14/02/23 23:00:00,A,NR,IS,2020,75,
ESTAT:SDG_16_50(1.0),14/02/23 23:00:00,A,NR,IS,2021,74,
ESTAT:SDG_16_50(1.0),14/02/23 23:00:00,A,NR,IS,2022,74,
ESTAT:SDG_16_50(1.0),14/02/23 23:00:00,A,NR,IT,2012,42,
ESTAT:SDG_16_50(1.0),14/02/23 23:00:00,A,NR,IT,2013,43,
ESTAT:SDG_16_50(1.0),14/02/23 23:00:00,A,NR,IT,2014,43,
ESTAT:SDG_16_50(1.0),14/02/23 23:00:00,A,NR,IT,2015,44,
ESTAT:SDG_16_50(1.0),14/02/23 23:00:00,A,NR,IT,2016,47,
ESTAT:SDG_16_50(1.0),14/02/23 23:00:00,A,NR,IT,2017,50,
ESTAT:SDG_16_50(1.0),14/02/23 23:00:00,A,NR,IT,2018,52,
ESTAT:SDG_16_50(1.0),14/02/23 23:00:00,A,NR,IT,2019,53,
ESTAT:SDG_16_50(1.0),14/02/23 23:00:00,A,NR,IT,2020,53,
ESTAT:SDG_16_50(1.0),14/02/23 23:00:00,A,NR,IT,2021,56,
ESTAT:SDG_16_50(1.0),14/02/23 23:00:00,A,NR,IT,2022,56,
ESTAT:SDG_16_50(1.0),14/02/23 23:00:00,A,NR,JP,2012,74,
ESTAT:SDG_16_50(1.0),14/02/23 23:00:00,A,NR,JP,2013,74,
ESTAT:SDG_16_50(1.0),14/02/23 23:00:00,A,NR,JP,2014,76,
ESTAT:SDG_16_50(1.0),14/02/23 23:00:00,A,NR,JP,2015,75,
ESTAT:SDG_16_50(1.0),14/02/23 23:00:00,A,NR,JP,2016,72,
ESTAT:SDG_16_50(1.0),14/02/23 23:00:00,A,NR,JP,2017,73,
ESTAT:SDG_16_50(1.0),14/02/23 23:00:00,A,NR,JP,2018,73,
ESTAT:SDG_16_50(1.0),14/02/23 23:00:00,A,NR,JP,2019,73,
ESTAT:SDG_16_50(1.0),14/02/23 23:00:00,A,NR,JP,2020,74,
ESTAT:SDG_16_50(1.0),14/02/23 23:00:00,A,NR,JP,2021,73,
ESTAT:SDG_16_50(1.0),14/02/23 23:00:00,A,NR,JP,2022,73,
ESTAT:SDG_16_50(1.0),14/02/23 23:00:00,A,NR,KR,2012,56,
ESTAT:SDG_16_50(1.0),14/02/23 23:00:00,A,NR,KR,2013,55,
ESTAT:SDG_16_50(1.0),14/02/23 23:00:00,A,NR,KR,2014,55,
ESTAT:SDG_16_50(1.0),14/02/23 23:00:00,A,NR,KR,2015,54,
ESTAT:SDG_16_50(1.0),14/02/23 23:00:00,A,NR,KR,2016,53,
ESTAT:SDG_16_50(1.0),14/02/23 23:00:00,A,NR,KR,2017,54,
ESTAT:SDG_16_50(1.0),14/02/23 23:00:00,A,NR,KR,2018,57,
ESTAT:SDG_16_50(1.0),14/02/23 23:00:00,A,NR,KR,2019,59,
ESTAT:SDG_16_50(1.0),14/02/23 23:00:00,A,NR,KR,2020,61,
ESTAT:SDG_16_50(1.0),14/02/23 23:00:00,A,NR,KR,2021,62,
ESTAT:SDG_16_50(1.0),14/02/23 23:00:00,A,NR,KR,2022,63,
ESTAT:SDG_16_50(1.0),14/02/23 23:00:00,A,NR,LT,2012,54,
ESTAT:SDG_16_50(1.0),14/02/23 23:00:00,A,NR,LT,2013,57,
ESTAT:SDG_16_50(1.0),14/02/23 23:00:00,A,NR,LT,2014,58,
ESTAT:SDG_16_50(1.0),14/02/23 23:00:00,A,NR,LT,2015,59,
ESTAT:SDG_16_50(1.0),14/02/23 23:00:00,A,NR,LT,2016,59,
ESTAT:SDG_16_50(1.0),14/02/23 23:00:00,A,NR,LT,2017,59,
ESTAT:SDG_16_50(1.0),14/02/23 23:00:00,A,NR,LT,2018,59,
ESTAT:SDG_16_50(1.0),14/02/23 23:00:00,A,NR,LT,2019,60,
ESTAT:SDG_16_50(1.0),14/02/23 23:00:00,A,NR,LT,2020,60,
ESTAT:SDG_16_50(1.0),14/02/23 23:00:00,A,NR,LT,2021,61,
ESTAT:SDG_16_50(1.0),14/02/23 23:00:00,A,NR,LT,2022,62,
ESTAT:SDG_16_50(1.0),14/02/23 23:00:00,A,NR,LU,2012,80,
ESTAT:SDG_16_50(1.0),14/02/23 23:00:00,A,NR,LU,2013,80,
ESTAT:SDG_16_50(1.0),14/02/23 23:00:00,A,NR,LU,2014,82,
ESTAT:SDG_16_50(1.0),14/02/23 23:00:00,A,NR,LU,2015,85,
ESTAT:SDG_16_50(1.0),14/02/23 23:00:00,A,NR,LU,2016,81,
ESTAT:SDG_16_50(1.0),14/02/23 23:00:00,A,NR,LU,2017,82,
ESTAT:SDG_16_50(1.0),14/02/23 23:00:00,A,NR,LU,2018,81,
ESTAT:SDG_16_50(1.0),14/02/23 23:00:00,A,NR,LU,2019,80,
ESTAT:SDG_16_50(1.0),14/02/23 23:00:00,A,NR,LU,2020,80,
ESTAT:SDG_16_50(1.0),14/02/23 23:00:00,A,NR,LU,2021,81,
ESTAT:SDG_16_50(1.0),14/02/23 23:00:00,A,NR,LU,2022,77,
ESTAT:SDG_16_50(1.0),14/02/23 23:00:00,A,NR,LV,2012,49,
ESTAT:SDG_16_50(1.0),14/02/23 23:00:00,A,NR,LV,2013,53,
ESTAT:SDG_16_50(1.0),14/02/23 23:00:00,A,NR,LV,2014,55,
ESTAT:SDG_16_50(1.0),14/02/23 23:00:00,A,NR,LV,2015,56,
ESTAT:SDG_16_50(1.0),14/02/23 23:00:00,A,NR,LV,2016,57,
ESTAT:SDG_16_50(1.0),14/02/23 23:00:00,A,NR,LV,2017,58,
ESTAT:SDG_16_50(1.0),14/02/23 23:00:00,A,NR,LV,2018,58,
ESTAT:SDG_16_50(1.0),14/02/23 23:00:00,A,NR,LV,2019,56,
ESTAT:SDG_16_50(1.0),14/02/23 23:00:00,A,NR,LV,2020,57,
ESTAT:SDG_16_50(1.0),14/02/23 23:00:00,A,NR,LV,2021,59,
ESTAT:SDG_16_50(1.0),14/02/23 23:00:00,A,NR,LV,2022,59,
ESTAT:SDG_16_50(1.0),14/02/23 23:00:00,A,NR,ME,2012,41,
ESTAT:SDG_16_50(1.0),14/02/23 23:00:00,A,NR,ME,2013,44,
ESTAT:SDG_16_50(1.0),14/02/23 23:00:00,A,NR,ME,2014,42,
ESTAT:SDG_16_50(1.0),14/02/23 23:00:00,A,NR,ME,2015,44,
ESTAT:SDG_16_50(1.0),14/02/23 23:00:00,A,NR,ME,2016,45,
ESTAT:SDG_16_50(1.0),14/02/23 23:00:00,A,NR,ME,2017,46,
ESTAT:SDG_16_50(1.0),14/02/23 23:00:00,A,NR,ME,2018,45,
ESTAT:SDG_16_50(1.0),14/02/23 23:00:00,A,NR,ME,2019,45,
ESTAT:SDG_16_50(1.0),14/02/23 23:00:00,A,NR,ME,2020,45,
ESTAT:SDG_16_50(1.0),14/02/23 23:00:00,A,NR,ME,2021,46,
ESTAT:SDG_16_50(1.0),14/02/23 23:00:00,A,NR,ME,2022,45,
ESTAT:SDG_16_50(1.0),14/02/23 23:00:00,A,NR,MK,2012,43,
ESTAT:SDG_16_50(1.0),14/02/23 23:00:00,A,NR,MK,2013,44,
ESTAT:SDG_16_50(1.0),14/02/23 23:00:00,A,NR,MK,2014,45,
ESTAT:SDG_16_50(1.0),14/02/23 23:00:00,A,NR,MK,2015,42,
ESTAT:SDG_16_50(1.0),14/02/23 23:00:00,A,NR,MK,2016,37,
ESTAT:SDG_16_50(1.0),14/02/23 23:00:00,A,NR,MK,2017,35,
ESTAT:SDG_16_50(1.0),14/02/23 23:00:00,A,NR,MK,2018,37,
ESTAT:SDG_16_50(1.0),14/02/23 23:00:00,A,NR,MK,2019,35,
ESTAT:SDG_16_50(1.0),14/02/23 23:00:00,A,NR,MK,2020,35,
ESTAT:SDG_16_50(1.0),14/02/23 23:00:00,A,NR,MK,2021,39,
ESTAT:SDG_16_50(1.0),14/02/23 23:00:00,A,NR,MK,2022,40,
ESTAT:SDG_16_50(1.0),14/02/23 23:00:00,A,NR,MT,2012,57,
ESTAT:SDG_16_50(1.0),14/02/23 23:00:00,A,NR,MT,2013,56,
ESTAT:SDG_16_50(1.0),14/02/23 23:00:00,A,NR,MT,2014,55,
ESTAT:SDG_16_50(1.0),14/02/23 23:00:00,A,NR,MT,2015,60,
ESTAT:SDG_16_50(1.0),14/02/23 23:00:00,A,NR,MT,2016,55,
ESTAT:SDG_16_50(1.0),14/02/23 23:00:00,A,NR,MT,2017,56,
ESTAT:SDG_16_50(1.0),14/02/23 23:00:00,A,NR,MT,2018,54,
ESTAT:SDG_16_50(1.0),14/02/23 23:00:00,A,NR,MT,2019,54,
ESTAT:SDG_16_50(1.0),14/02/23 23:00:00,A,NR,MT,2020,53,
ESTAT:SDG_16_50(1.0),14/02/23 23:00:00,A,NR,MT,2021,54,
ESTAT:SDG_16_50(1.0),14/02/23 23:00:00,A,NR,MT,2022,51,
ESTAT:SDG_16_50(1.0),14/02/23 23:00:00,A,NR,NL,2012,84,
ESTAT:SDG_16_50(1.0),14/02/23 23:00:00,A,NR,NL,2013,83,
ESTAT:SDG_16_50(1.0),14/02/23 23:00:00,A,NR,NL,2014,83,
ESTAT:SDG_16_50(1.0),14/02/23 23:00:00,A,NR,NL,2015,84,
ESTAT:SDG_16_50(1.0),14/02/23 23:00:00,A,NR,NL,2016,83,
ESTAT:SDG_16_50(1.0),14/02/23 23:00:00,A,NR,NL,2017,82,
ESTAT:SDG_16_50(1.0),14/02/23 23:00:00,A,NR,NL,2018,82,
ESTAT:SDG_16_50(1.0),14/02/23 23:00:00,A,NR,NL,2019,82,
ESTAT:SDG_16_50(1.0),14/02/23 23:00:00,A,NR,NL,2020,82,
ESTAT:SDG_16_50(1.0),14/02/23 23:00:00,A,NR,NL,2021,82,
ESTAT:SDG_16_50(1.0),14/02/23 23:00:00,A,NR,NL,2022,80,
ESTAT:SDG_16_50(1.0),14/02/23 23:00:00,A,NR,NO,2012,85,
ESTAT:SDG_16_50(1.0),14/02/23 23:00:00,A,NR,NO,2013,86,
ESTAT:SDG_16_50(1.0),14/02/23 23:00:00,A,NR,NO,2014,86,
ESTAT:SDG_16_50(1.0),14/02/23 23:00:00,A,NR,NO,2015,88,
ESTAT:SDG_16_50(1.0),14/02/23 23:00:00,A,NR,NO,2016,85,
ESTAT:SDG_16_50(1.0),14/02/23 23:00:00,A,NR,NO,2017,85,
ESTAT:SDG_16_50(1.0),14/02/23 23:00:00,A,NR,NO,2018,84,
ESTAT:SDG_16_50(1.0),14/02/23 23:00:00,A,NR,NO,2019,84,
ESTAT:SDG_16_50(1.0),14/02/23 23:00:00,A,NR,NO,2020,84,
ESTAT:SDG_16_50(1.0),14/02/23 23:00:00,A,NR,NO,2021,85,
ESTAT:SDG_16_50(1.0),14/02/23 23:00:00,A,NR,NO,2022,84,
ESTAT:SDG_16_50(1.0),14/02/23 23:00:00,A,NR,PL,2012,58,
ESTAT:SDG_16_50(1.0),14/02/23 23:00:00,A,NR,PL,2013,60,
ESTAT:SDG_16_50(1.0),14/02/23 23:00:00,A,NR,PL,2014,61,
ESTAT:SDG_16_50(1.0),14/02/23 23:00:00,A,NR,PL,2015,63,
ESTAT:SDG_16_50(1.0),14/02/23 23:00:00,A,NR,PL,2016,62,
ESTAT:SDG_16_50(1.0),14/02/23 23:00:00,A,NR,PL,2017,60,
ESTAT:SDG_16_50(1.0),14/02/23 23:00:00,A,NR,PL,2018,60,
ESTAT:SDG_16_50(1.0),14/02/23 23:00:00,A,NR,PL,2019,58,
ESTAT:SDG_16_50(1.0),14/02/23 23:00:00,A,NR,PL,2020,56,
ESTAT:SDG_16_50(1.0),14/02/23 23:00:00,A,NR,PL,2021,56,
ESTAT:SDG_16_50(1.0),14/02/23 23:00:00,A,NR,PL,2022,55,
ESTAT:SDG_16_50(1.0),14/02/23 23:00:00,A,NR,PT,2012,63,
ESTAT:SDG_16_50(1.0),14/02/23 23:00:00,A,NR,PT,2013,62,
ESTAT:SDG_16_50(1.0),14/02/23 23:00:00,A,NR,PT,2014,63,
ESTAT:SDG_16_50(1.0),14/02/23 23:00:00,A,NR,PT,2015,64,
ESTAT:SDG_16_50(1.0),14/02/23 23:00:00,A,NR,PT,2016,62,
ESTAT:SDG_16_50(1.0),14/02/23 23:00:00,A,NR,PT,2017,63,
ESTAT:SDG_16_50(1.0),14/02/23 23:00:00,A,NR,PT,2018,64,
ESTAT:SDG_16_50(1.0),14/02/23 23:00:00,A,NR,PT,2019,62,
ESTAT:SDG_16_50(1.0),14/02/23 23:00:00,A,NR,PT,2020,61,
ESTAT:SDG_16_50(1.0),14/02/23 23:00:00,A,NR,PT,2021,62,
ESTAT:SDG_16_50(1.0),14/02/23 23:00:00,A,NR,PT,2022,62,
ESTAT:SDG_16_50(1.0),14/02/23 23:00:00,A,NR,RO,2012,44,
ESTAT:SDG_16_50(1.0),14/02/23 23:00:00,A,NR,RO,2013,43,
ESTAT:SDG_16_50(1.0),14/02/23 23:00:00,A,NR,RO,2014,43,
ESTAT:SDG_16_50(1.0),14/02/23 23:00:00,A,NR,RO,2015,46,
ESTAT:SDG_16_50(1.0),14/02/23 23:00:00,A,NR,RO,2016,48,
ESTAT:SDG_16_50(1.0),14/02/23 23:00:00,A,NR,RO,2017,48,
ESTAT:SDG_16_50(1.0),14/02/23 23:00:00,A,NR,RO,2018,47,
ESTAT:SDG_16_50(1.0),14/02/23 23:00:00,A,NR,RO,2019,44,
ESTAT:SDG_16_50(1.0),14/02/23 23:00:00,A,NR,RO,2020,44,
ESTAT:SDG_16_50(1.0),14/02/23 23:00:00,A,NR,RO,2021,45,
ESTAT:SDG_16_50(1.0),14/02/23 23:00:00,A,NR,RO,2022,46,
ESTAT:SDG_16_50(1.0),14/02/23 23:00:00,A,NR,RS,2012,39,
ESTAT:SDG_16_50(1.0),14/02/23 23:00:00,A,NR,RS,2013,42,
ESTAT:SDG_16_50(1.0),14/02/23 23:00:00,A,NR,RS,2014,41,
ESTAT:SDG_16_50(1.0),14/02/23 23:00:00,A,NR,RS,2015,40,
ESTAT:SDG_16_50(1.0),14/02/23 23:00:00,A,NR,RS,2016,42,
ESTAT:SDG_16_50(1.0),14/02/23 23:00:00,A,NR,RS,2017,41,
ESTAT:SDG_16_50(1.0),14/02/23 23:00:00,A,NR,RS,2018,39,
ESTAT:SDG_16_50(1.0),14/02/23 23:00:00,A,NR,RS,2019,39,
ESTAT:SDG_16_50(1.0),14/02/23 23:00:00,A,NR,RS,2020,38,
ESTAT:SDG_16_50(1.0),14/02/23 23:00:00,A,NR,RS,2021,38,
ESTAT:SDG_16_50(1.0),14/02/23 23:00:00,A,NR,RS,2022,36,
ESTAT:SDG_16_50(1.0),14/02/23 23:00:00,A,NR,RU,2012,28,
ESTAT:SDG_16_50(1.0),14/02/23 23:00:00,A,NR,RU,2013,28,
ESTAT:SDG_16_50(1.0),14/02/23 23:00:00,A,NR,RU,2014,27,
ESTAT:SDG_16_50(1.0),14/02/23 23:00:00,A,NR,RU,2015,29,
ESTAT:SDG_16_50(1.0),14/02/23 23:00:00,A,NR,RU,2016,29,
ESTAT:SDG_16_50(1.0),14/02/23 23:00:00,A,NR,RU,2017,29,
ESTAT:SDG_16_50(1.0),14/02/23 23:00:00,A,NR,RU,2018,28,
ESTAT:SDG_16_50(1.0),14/02/23 23:00:00,A,NR,RU,2019,28,
ESTAT:SDG_16_50(1.0),14/02/23 23:00:00,A,NR,RU,2020,30,
ESTAT:SDG_16_50(1.0),14/02/23 23:00:00,A,NR,RU,2021,29,
ESTAT:SDG_16_50(1.0),14/02/23 23:00:00,A,NR,RU,2022,28,
ESTAT:SDG_16_50(1.0),14/02/23 23:00:00,A,NR,SE,2012,88,
ESTAT:SDG_16_50(1.0),14/02/23 23:00:00,A,NR,SE,2013,89,
ESTAT:SDG_16_50(1.0),14/02/23 23:00:00,A,NR,SE,2014,87,
ESTAT:SDG_16_50(1.0),14/02/23 23:00:00,A,NR,SE,2015,89,
ESTAT:SDG_16_50(1.0),14/02/23 23:00:00,A,NR,SE,2016,88,
ESTAT:SDG_16_50(1.0),14/02/23 23:00:00,A,NR,SE,2017,84,
ESTAT:SDG_16_50(1.0),14/02/23 23:00:00,A,NR,SE,2018,85,
ESTAT:SDG_16_50(1.0),14/02/23 23:00:00,A,NR,SE,2019,85,
ESTAT:SDG_16_50(1.0),14/02/23 23:00:00,A,NR,SE,2020,85,
ESTAT:SDG_16_50(1.0),14/02/23 23:00:00,A,NR,SE,2021,85,
ESTAT:SDG_16_50(1.0),14/02/23 23:00:00,A,NR,SE,2022,83,
ESTAT:SDG_16_50(1.0),14/02/23 23:00:00,A,NR,SI,2012,61,
ESTAT:SDG_16_50(1.0),14/02/23 23:00:00,A,NR,SI,2013,57,
ESTAT:SDG_16_50(1.0),14/02/23 23:00:00,A,NR,SI,2014,58,
ESTAT:SDG_16_50(1.0),14/02/23 23:00:00,A,NR,SI,2015,60,
ESTAT:SDG_16_50(1.0),14/02/23 23:00:00,A,NR,SI,2016,61,
ESTAT:SDG_16_50(1.0),14/02/23 23:00:00,A,NR,SI,2017,61,
ESTAT:SDG_16_50(1.0),14/02/23 23:00:00,A,NR,SI,2018,60,
ESTAT:SDG_16_50(1.0),14/02/23 23:00:00,A,NR,SI,2019,60,
ESTAT:SDG_16_50(1.0),14/02/23 23:00:00,A,NR,SI,2020,60,
ESTAT:SDG_16_50(1.0),14/02/23 23:00:00,A,NR,SI,2021,57,
ESTAT:SDG_16_50(1.0),14/02/23 23:00:00,A,NR,SI,2022,56,
ESTAT:SDG_16_50(1.0),14/02/23 23:00:00,A,NR,SK,2012,46,
ESTAT:SDG_16_50(1.0),14/02/23 23:00:00,A,NR,SK,2013,47,
ESTAT:SDG_16_50(1.0),14/02/23 23:00:00,A,NR,SK,2014,50,
ESTAT:SDG_16_50(1.0),14/02/23 23:00:00,A,NR,SK,2015,51,
ESTAT:SDG_16_50(1.0),14/02/23 23:00:00,A,NR,SK,2016,51,
ESTAT:SDG_16_50(1.0),14/02/23 23:00:00,A,NR,SK,2017,50,
ESTAT:SDG_16_50(1.0),14/02/23 23:00:00,A,NR,SK,2018,50,
ESTAT:SDG_16_50(1.0),14/02/23 23:00:00,A,NR,SK,2019,50,
ESTAT:SDG_16_50(1.0),14/02/23 23:00:00,A,NR,SK,2020,49,
ESTAT:SDG_16_50(1.0),14/02/23 23:00:00,A,NR,SK,2021,52,
ESTAT:SDG_16_50(1.0),14/02/23 23:00:00,A,NR,SK,2022,53,
ESTAT:SDG_16_50(1.0),14/02/23 23:00:00,A,NR,TR,2012,49,
ESTAT:SDG_16_50(1.0),14/02/23 23:00:00,A,NR,TR,2013,50,
ESTAT:SDG_16_50(1.0),14/02/23 23:00:00,A,NR,TR,2014,45,
ESTAT:SDG_16_50(1.0),14/02/23 23:00:00,A,NR,TR,2015,42,
ESTAT:SDG_16_50(1.0),14/02/23 23:00:00,A,NR,TR,2016,41,
ESTAT:SDG_16_50(1.0),14/02/23 23:00:00,A,NR,TR,2017,40,
ESTAT:SDG_16_50(1.0),14/02/23 23:00:00,A,NR,TR,2018,41,
ESTAT:SDG_16_50(1.0),14/02/23 23:00:00,A,NR,TR,2019,39,
ESTAT:SDG_16_50(1.0),14/02/23 23:00:00,A,NR,TR,2020,40,
ESTAT:SDG_16_50(1.0),14/02/23 23:00:00,A,NR,TR,2021,38,
ESTAT:SDG_16_50(1.0),14/02/23 23:00:00,A,NR,TR,2022,36,
ESTAT:SDG_16_50(1.0),14/02/23 23:00:00,A,NR,UK,2012,74,
ESTAT:SDG_16_50(1.0),14/02/23 23:00:00,A,NR,UK,2013,76,
ESTAT:SDG_16_50(1.0),14/02/23 23:00:00,A,NR,UK,2014,78,
ESTAT:SDG_16_50(1.0),14/02/23 23:00:00,A,NR,UK,2015,81,
ESTAT:SDG_16_50(1.0),14/02/23 23:00:00,A,NR,UK,2016,81,
ESTAT:SDG_16_50(1.0),14/02/23 23:00:00,A,NR,UK,2017,82,
ESTAT:SDG_16_50(1.0),14/02/23 23:00:00,A,NR,UK,2018,80,
ESTAT:SDG_16_50(1.0),14/02/23 23:00:00,A,NR,UK,2019,77,
ESTAT:SDG_16_50(1.0),14/02/23 23:00:00,A,NR,UK,2020,77,
ESTAT:SDG_16_50(1.0),14/02/23 23:00:00,A,NR,UK,2021,78,
ESTAT:SDG_16_50(1.0),14/02/23 23:00:00,A,NR,UK,2022,73,
ESTAT:SDG_16_50(1.0),14/02/23 23:00:00,A,NR,US,2012,73,
ESTAT:SDG_16_50(1.0),14/02/23 23:00:00,A,NR,US,2013,73,
ESTAT:SDG_16_50(1.0),14/02/23 23:00:00,A,NR,US,2014,74,
ESTAT:SDG_16_50(1.0),14/02/23 23:00:00,A,NR,US,2015,76,
ESTAT:SDG_16_50(1.0),14/02/23 23:00:00,A,NR,US,2016,74,
ESTAT:SDG_16_50(1.0),14/02/23 23:00:00,A,NR,US,2017,75,
ESTAT:SDG_16_50(1.0),14/02/23 23:00:00,A,NR,US,2018,71,
ESTAT:SDG_16_50(1.0),14/02/23 23:00:00,A,NR,US,2019,69,
ESTAT:SDG_16_50(1.0),14/02/23 23:00:00,A,NR,US,2020,67,
ESTAT:SDG_16_50(1.0),14/02/23 23:00:00,A,NR,US,2021,67,
ESTAT:SDG_16_50(1.0),14/02/23 23:00:00,A,NR,US,2022,69,
